ts,id,status,power_kW,apparent_kVA,today_kWh,total_kWh,grid_freq_Hz,ac_R_V,ac_R_A,ac_Y_V,ac_Y_A,ac_B_V,ac_B_A,pv1_V,pv1_A,pv2_V,pv2_A,temperature_C
2026-07-27T17:18:09+05:30,3,Normal,2.9,2.96,87.5,74402,50.11,239.5,4.11,237.0,4.14,239.3,4.16,594.0,3.44,664.0,1.39,60
2026-07-27T17:18:09+05:30,3,Normal,2.9,2.97,87.51,74402,50.11,239.7,4.11,237.2,4.16,239.6,4.17,589.7,3.47,653.1,1.4,60
2026-07-27T17:18:36+05:30,3,Normal,2.85,2.93,87.53,74402,50.14,239.1,4.06,236.6,4.11,239.0,4.12,588.5,3.38,650.1,1.39,60
2026-07-27T17:18:46+05:30,3,Normal,2.82,2.89,87.54,74402,50.12,238.8,4.02,236.1,4.05,238.7,4.07,587.2,3.37,666.2,1.34,60
2026-07-27T17:18:51+05:30,3,Normal,2.82,2.9,87.54,74402,50.11,239.3,4.02,236.7,4.06,239.1,4.08,589.0,3.34,657.5,1.38,60
2026-07-27T17:19:00+05:30,3,Normal,2.81,2.88,87.55,74402,50.11,239.4,3.99,236.6,4.03,239.2,4.05,589.3,3.32,653.6,1.37,60
2026-07-27T17:19:05+05:30,3,Normal,2.8,2.86,87.56,74402,50.13,238.8,3.99,236.2,4.02,238.7,4.03,592.9,3.29,648.8,1.38,60
2026-07-27T17:19:15+05:30,3,Normal,2.78,2.85,87.56,74402,50.14,239.4,3.96,236.8,4.0,239.3,4.0,594.0,3.27,648.0,1.4,60
2026-07-27T17:19:20+05:30,3,Normal,2.78,2.84,87.57,74402,50.13,238.8,3.95,236.2,3.99,238.6,4.01,594.5,3.28,644.1,1.37,60
2026-07-27T17:19:30+05:30,3,Normal,2.76,2.83,87.57,74402,50.16,240.1,3.92,237.4,3.94,239.8,3.96,587.1,3.28,639.3,1.4,60
2026-07-27T17:19:35+05:30,3,Normal,2.76,2.82,87.58,74402,50.17,241.3,3.89,238.8,3.91,241.1,3.93,591.2,3.24,648.1,1.37,60
2026-07-27T17:19:45+05:30,3,Normal,2.73,2.8,87.59,74402,50.15,239.7,3.88,237.4,3.91,239.8,3.92,589.3,3.26,656.1,1.33,60
2026-07-27T17:19:50+05:30,3,Normal,2.73,2.8,87.59,74402,50.16,240.3,3.86,238.1,3.9,240.4,3.92,589.6,3.23,644.1,1.36,60
2026-07-27T17:19:59+05:30,3,Normal,2.72,2.78,87.6,74402,50.14,239.3,3.85,237.0,3.89,239.4,3.92,586.3,3.24,644.8,1.36,60
2026-07-27T17:20:04+05:30,3,Normal,2.71,2.77,87.6,74402,50.14,238.8,3.85,236.5,3.89,238.8,3.9,588.7,3.2,644.0,1.35,60
2026-07-27T17:20:14+05:30,3,Normal,2.7,2.76,87.61,74402,50.14,239.2,3.83,236.9,3.87,239.2,3.89,591.1,3.15,634.3,1.34,60
2026-07-27T17:20:19+05:30,3,Normal,2.69,2.76,87.61,74402,50.15,239.6,3.81,236.9,3.86,239.2,3.88,585.5,3.18,628.7,1.33,60
2026-07-27T17:20:29+05:30,3,Normal,2.67,2.74,87.62,74402,50.15,239.1,3.79,237.0,3.85,239.1,3.86,589.1,3.15,635.5,1.35,60
2026-07-27T17:20:34+05:30,3,Normal,2.67,2.74,87.62,74402,50.15,240.6,3.78,238.4,3.81,240.6,3.82,590.0,3.15,636.0,1.32,60
2026-07-27T17:20:43+05:30,3,Normal,2.65,2.73,87.63,74402,50.15,239.3,3.78,237.0,3.83,239.4,3.85,585.0,3.17,634.0,1.34,60
2026-07-27T17:20:48+05:30,3,Normal,2.65,2.72,87.63,74402,50.15,239.9,3.77,237.1,3.8,239.5,3.81,589.0,3.15,634.8,1.35,60
2026-07-27T17:20:58+05:30,3,Normal,2.63,2.7,87.64,74402,50.17,240.7,3.71,238.3,3.76,240.7,3.77,582.0,3.16,648.0,1.32,60
2026-07-27T17:21:03+05:30,3,Normal,2.62,2.69,87.64,74402,50.16,240.0,3.71,237.4,3.76,240.0,3.78,584.8,3.15,651.7,1.28,60
2026-07-27T17:21:13+05:30,3,Normal,2.6,2.69,87.65,74402,50.16,239.8,3.71,237.1,3.77,239.8,3.78,584.3,3.11,646.4,1.29,60
2026-07-27T17:21:18+05:30,3,Normal,2.61,2.69,87.65,74402,50.16,239.5,3.72,236.8,3.78,239.5,3.78,588.3,3.09,642.4,1.28,60
2026-07-27T17:21:28+05:30,3,Normal,2.59,2.67,87.66,74402,50.18,241.2,3.67,238.5,3.72,241.2,3.73,589.1,3.05,642.3,1.25,60
2026-07-27T17:21:33+05:30,3,Normal,2.58,2.66,87.67,74402,50.17,241.2,3.66,238.1,3.71,240.8,3.72,582.8,3.09,638.5,1.29,60
2026-07-27T17:21:42+05:30,3,Normal,2.55,2.64,87.67,74402,50.16,241.5,3.62,239.0,3.66,241.5,3.67,574.7,3.1,644.8,1.26,60
2026-07-27T17:21:48+05:30,3,Normal,2.55,2.63,87.68,74402,50.15,241.4,3.61,238.9,3.65,241.4,3.67,575.7,3.09,640.8,1.26,60
2026-07-27T17:21:57+05:30,3,Normal,2.54,2.61,87.68,74402,50.14,242.6,3.58,240.1,3.6,242.6,3.62,584.3,3.03,649.7,1.24,60
2026-07-27T17:22:02+05:30,3,Normal,2.53,2.6,87.69,74402,50.13,242.3,3.57,239.6,3.59,242.2,3.62,580.8,3.05,648.9,1.24,60
2026-07-27T17:22:12+05:30,3,Normal,2.51,2.6,87.69,74402,50.14,242.4,3.55,239.8,3.6,242.3,3.61,588.3,2.98,650.4,1.22,60
2026-07-27T17:22:17+05:30,3,Normal,2.5,2.58,87.7,74402,50.13,242.5,3.53,239.9,3.55,242.4,3.59,584.9,2.99,649.7,1.23,60
2026-07-27T17:22:26+05:30,3,Normal,2.48,2.56,87.7,74402,50.13,241.5,3.52,238.9,3.56,241.5,3.57,584.4,2.98,654.4,1.22,60
2026-07-27T17:22:31+05:30,3,Normal,2.47,2.55,87.71,74402,50.13,242.0,3.5,239.1,3.53,241.6,3.55,580.4,2.96,655.3,1.23,60
2026-07-27T17:22:41+05:30,3,Normal,2.46,2.53,87.71,74402,50.11,240.7,3.48,238.1,3.53,240.6,3.53,589.1,2.91,638.3,1.23,60
2026-07-27T17:22:46+05:30,3,Normal,2.44,2.52,87.72,74402,50.11,240.8,3.48,238.2,3.5,240.7,3.52,583.6,2.91,639.2,1.23,60
2026-07-27T17:22:56+05:30,3,Normal,2.42,2.5,87.72,74402,50.11,241.9,3.4,239.5,3.48,241.9,3.49,585.3,2.89,634.3,1.25,60
2026-07-27T17:23:01+05:30,3,Normal,2.41,2.49,87.73,74402,50.13,242.1,3.41,239.5,3.47,242.1,3.46,584.8,2.86,634.2,1.23,60
2026-07-27T17:23:10+05:30,3,Normal,2.39,2.46,87.73,74402,50.11,241.7,3.38,239.0,3.41,241.6,3.43,579.4,2.87,630.0,1.24,60
2026-07-27T17:23:15+05:30,3,Normal,2.37,2.45,87.74,74402,50.12,242.5,3.35,240.0,3.39,242.5,3.41,588.3,2.82,626.3,1.22,60
2026-07-27T17:23:25+05:30,3,Normal,2.35,2.43,87.74,74402,50.12,242.4,3.32,239.9,3.35,242.4,3.39,584.8,2.8,619.9,1.23,60
2026-07-27T17:23:30+05:30,3,Normal,2.34,2.41,87.75,74402,50.12,242.8,3.29,240.2,3.33,242.9,3.35,590.4,2.77,616.0,1.23,60
2026-07-27T17:23:39+05:30,3,Normal,2.31,2.39,87.75,74402,50.11,241.9,3.27,239.4,3.32,241.9,3.34,587.1,2.74,616.5,1.19,60
2026-07-27T17:23:45+05:30,3,Normal,2.3,2.38,87.75,74402,50.11,241.4,3.26,238.9,3.3,241.4,3.32,581.0,2.75,625.6,1.19,60
2026-07-27T17:23:54+05:30,3,Normal,2.26,2.35,87.76,74402,50.1,242.5,3.21,240.3,3.25,242.5,3.27,584.0,2.71,633.6,1.17,60
2026-07-27T17:23:59+05:30,3,Normal,2.25,2.34,87.76,74402,50.09,243.5,3.18,241.1,3.22,243.3,3.24,583.0,2.7,634.2,1.15,60
2026-07-27T17:24:09+05:30,3,Normal,2.23,2.31,87.77,74402,50.1,243.2,3.14,240.7,3.18,243.1,3.21,582.4,2.67,621.7,1.16,60
2026-07-27T17:24:14+05:30,3,Normal,2.21,2.3,87.77,74402,50.11,243.6,3.12,241.0,3.16,243.5,3.18,586.2,2.64,625.6,1.14,60
2026-07-27T17:24:24+05:30,3,Normal,2.18,2.26,87.78,74402,50.1,241.9,3.09,239.2,3.14,241.7,3.15,579.7,2.64,628.9,1.13,60
2026-07-27T17:24:29+05:30,3,Normal,2.17,2.25,87.78,74402,50.09,241.9,3.07,239.2,3.12,241.7,3.14,583.5,2.61,628.9,1.14,60
2026-07-27T17:24:38+05:30,3,Normal,2.13,2.22,87.79,74402,50.09,241.2,3.03,239.0,3.08,241.4,3.1,581.2,2.58,635.2,1.09,60
2026-07-27T17:24:43+05:30,3,Normal,2.12,2.2,87.79,74402,50.1,241.8,3.01,239.3,3.05,241.7,3.06,585.2,2.54,639.2,1.08,60
2026-07-27T17:24:53+05:30,3,Normal,2.08,2.16,87.8,74402,50.09,241.5,2.96,239.0,3.0,241.3,3.0,588.4,2.48,644.0,1.06,60
2026-07-27T17:50:28+05:30,2,Normal,0.96,1.09,57.59,80992,50.02,240.5,1.54,236.9,1.53,238.8,1.51,602.2,0.92,533.7,0.72,60
2026-07-27T17:50:28+05:30,3,Normal,1.58,1.67,88.54,74403,50.03,238.9,2.32,236.7,2.34,238.6,2.34,584.6,1.94,567.6,0.93,60
2026-07-27T17:50:28+05:30,3,Normal,1.58,1.68,88.54,74403,50.02,239.1,2.34,236.9,2.35,238.8,2.35,581.0,1.94,563.2,0.93,60
2026-07-27T17:50:35+05:30,2,Normal,0.96,1.13,57.59,80992,50.02,240.6,1.59,237.5,1.56,239.3,1.57,595.0,0.92,530.2,0.72,60
2026-07-27T17:50:36+05:30,3,Normal,1.57,1.68,88.54,74403,50.02,238.6,2.33,236.6,2.36,238.5,2.36,586.9,1.91,561.8,0.93,60
2026-07-27T17:50:36+05:30,3,Normal,1.57,1.65,88.54,74403,50.02,239.1,2.29,237.0,2.31,238.9,2.31,587.2,1.92,565.8,0.93,60
2026-07-27T17:50:39+05:30,2,Normal,0.96,1.08,57.59,80992,50.03,240.6,1.53,237.6,1.5,239.4,1.5,591.4,0.93,532.4,0.72,60
2026-07-27T17:50:39+05:30,3,Normal,1.57,1.65,88.54,74403,50.02,238.7,2.3,236.6,2.31,238.6,2.33,586.4,1.89,565.4,0.92,60
2026-07-27T17:50:41+05:30,3,Normal,1.56,1.68,88.54,74403,50.03,239.2,2.34,237.1,2.35,239.1,2.35,591.7,1.89,568.8,0.92,60
2026-07-27T17:50:52+05:30,2,Normal,0.95,1.08,57.59,80992,50.02,240.8,1.52,237.7,1.49,239.5,1.49,589.3,0.93,529.7,0.71,60
2026-07-27T17:50:52+05:30,3,Normal,1.56,1.65,88.55,74403,50.03,239.7,2.29,237.1,2.32,239.1,2.31,583.1,1.91,568.2,0.91,60
2026-07-27T17:50:54+05:30,2,Normal,0.95,1.13,57.59,80992,50.03,240.7,1.59,237.6,1.57,239.4,1.56,588.8,0.92,535.7,0.71,60
2026-07-27T17:50:55+05:30,3,Normal,1.56,1.65,88.55,74403,50.02,239.1,2.29,237.0,2.32,238.9,2.31,581.3,1.92,571.7,0.93,60
2026-07-27T17:51:05+05:30,2,Normal,0.95,1.09,57.6,80992,50.03,240.2,1.53,237.1,1.53,238.9,1.49,595.3,0.91,543.7,0.69,60
2026-07-27T17:51:05+05:30,3,Normal,1.55,1.65,88.56,74403,50.03,239.1,2.3,236.5,2.33,238.5,2.32,584.4,1.9,573.4,0.87,60
2026-07-27T17:51:08+05:30,2,Normal,0.94,1.12,57.6,80992,50.03,240.4,1.58,236.8,1.56,238.7,1.54,598.2,0.9,537.1,0.7,60
2026-07-27T17:51:09+05:30,3,Normal,1.55,1.64,88.56,74403,50.03,239.1,2.28,236.6,2.3,238.6,2.31,588.6,1.88,570.6,0.9,60
2026-07-27T17:51:18+05:30,2,Normal,0.94,1.08,57.6,80992,50.03,240.9,1.52,238.0,1.5,239.7,1.48,590.2,0.91,535.6,0.7,60
2026-07-27T17:51:19+05:30,3,Normal,1.54,1.66,88.56,74403,50.02,239.2,2.31,237.2,2.32,239.0,2.32,590.5,1.85,581.8,0.88,60
2026-07-27T17:51:21+05:30,2,Normal,0.94,1.12,57.6,80992,50.03,241.1,1.58,238.3,1.55,239.9,1.54,592.5,0.9,538.1,0.69,60
2026-07-27T17:51:22+05:30,3,Normal,1.53,1.67,88.56,74403,50.03,239.5,2.31,237.7,2.34,239.5,2.32,587.7,1.88,582.6,0.88,60
2026-07-27T17:51:32+05:30,2,Normal,0.93,1.07,57.6,80992,50.02,241.4,1.5,238.5,1.48,240.2,1.47,592.0,0.9,527.6,0.7,60
2026-07-27T17:51:34+05:30,3,Normal,1.53,1.63,88.57,74403,50.01,239.3,2.28,237.5,2.28,239.2,2.28,586.3,1.85,579.3,0.9,60
2026-07-27T17:51:36+05:30,2,Normal,0.93,1.07,57.6,80992,50.03,241.5,1.51,238.7,1.48,240.4,1.47,588.5,0.9,524.3,0.7,60
2026-07-27T17:51:37+05:30,3,Normal,1.52,1.62,88.57,74403,50.02,239.9,2.25,238.1,2.27,239.8,2.26,587.3,1.85,578.8,0.88,60
2026-07-27T17:51:47+05:30,2,Normal,0.92,1.1,57.61,80992,50.02,242.4,1.55,239.7,1.52,241.2,1.51,595.7,0.88,523.5,0.7,60
2026-07-27T17:51:48+05:30,3,Normal,1.51,1.62,88.57,74403,50.02,240.3,2.24,238.5,2.26,240.1,2.26,581.1,1.88,577.7,0.88,60
2026-07-27T17:51:50+05:30,2,Normal,0.91,1.05,57.61,80992,50.02,242.4,1.48,239.6,1.44,241.1,1.44,597.8,0.87,520.8,0.7,60
2026-07-27T17:51:51+05:30,3,Normal,1.51,1.62,88.57,74403,50.01,241.0,2.23,239.2,2.25,240.8,2.24,583.1,1.86,586.7,0.86,60
2026-07-27T17:52:00+05:30,2,Normal,0.91,1.06,57.61,80992,50.01,242.0,1.49,239.1,1.46,240.8,1.44,597.6,0.86,530.4,0.68,60
2026-07-27T17:52:01+05:30,3,Normal,1.5,1.6,88.58,74403,50.01,240.8,2.2,238.6,2.24,240.3,2.23,584.2,1.84,586.5,0.84,60
2026-07-27T17:52:01+05:30,3,Normal,1.5,1.62,88.58,74403,50.01,240.4,2.25,238.7,2.26,240.3,2.25,587.9,1.8,587.4,0.86,60
2026-07-27T17:52:04+05:30,2,Normal,0.91,1.06,57.61,80992,50.01,241.4,1.48,238.2,1.48,239.8,1.46,596.0,0.87,524.1,0.68,60
2026-07-27T17:52:05+05:30,3,Normal,1.5,1.6,88.58,74403,50.01,239.4,2.23,237.7,2.24,239.3,2.23,579.2,1.82,592.8,0.85,60
2026-07-27T17:52:15+05:30,2,Normal,0.9,1.05,57.61,80992,50.0,239.0,1.48,236.1,1.47,237.8,1.46,591.7,0.87,527.5,0.68,60
2026-07-27T17:52:15+05:30,3,Normal,0.68,0.93,88.58,74403,50.01,237.4,1.33,235.0,1.36,237.1,1.25,652.8,0.15,591.3,0.88,60
2026-07-27T17:52:17+05:30,2,Normal,0.9,1.05,57.62,80992,50.0,239.2,1.49,235.8,1.48,237.6,1.46,594.3,0.86,530.1,0.68,60
2026-07-27T17:52:18+05:30,3,Normal,1.48,1.57,88.59,74403,50.0,237.3,2.2,235.1,2.22,237.1,2.2,568.4,1.86,591.4,0.83,60
2026-07-27T17:52:18+05:30,3,Normal,1.48,1.57,88.59,74403,50.0,237.3,2.2,235.1,2.22,237.1,2.2,568.4,1.86,591.4,0.83,60
2026-07-27T17:56:21+05:30,2,Normal,0.73,0.89,57.67,80992,50.04,239.1,1.27,235.5,1.25,237.5,1.23,588.1,0.69,511.8,0.56,60
2026-07-27T17:56:21+05:30,3,Normal,1.23,1.33,88.68,74403,50.05,237.9,1.87,234.9,1.88,237.1,1.87,583.4,1.51,553.4,0.77,60
2026-07-27T17:56:21+05:30,3,Normal,1.22,1.32,88.68,74403,50.05,238.1,1.85,235.1,1.86,237.3,1.86,587.0,1.5,549.0,0.77,60
2026-07-27T17:56:24+05:30,2,Normal,0.74,0.92,57.67,80992,50.03,236.5,1.34,233.1,1.29,235.2,1.3,583.4,0.7,514.4,0.55,60
2026-07-27T17:56:24+05:30,3,Normal,1.22,1.36,88.68,74403,50.04,238.8,1.91,236.1,1.91,238.0,1.9,577.2,1.54,547.3,0.79,60
2026-07-27T17:56:35+05:30,2,Normal,0.73,0.89,57.67,80992,50.03,237.2,1.29,233.7,1.24,235.7,1.24,586.7,0.7,513.2,0.55,60
2026-07-27T17:56:35+05:30,3,Normal,1.23,1.32,88.68,74403,50.02,235.9,1.88,233.3,1.87,235.5,1.87,584.0,1.5,546.9,0.75,60
2026-07-27T17:56:38+05:30,2,Normal,0.73,0.93,57.67,80992,50.03,237.7,1.34,233.8,1.3,235.8,1.3,588.8,0.69,510.9,0.56,60
2026-07-27T17:56:38+05:30,3,Normal,1.22,1.32,88.68,74403,50.03,236.2,1.87,233.2,1.88,235.4,1.87,582.7,1.53,542.9,0.77,60
2026-07-27T17:56:49+05:30,2,Normal,0.72,0.89,57.68,80992,50.03,237.7,1.29,234.2,1.24,236.1,1.23,587.8,0.69,513.5,0.56,60
2026-07-27T17:56:49+05:30,3,Normal,1.22,1.31,88.69,74403,50.02,236.4,1.85,233.9,1.85,235.9,1.86,580.0,1.51,538.6,0.76,60
2026-07-27T17:56:52+05:30,2,Normal,0.72,0.91,57.68,80992,50.02,237.9,1.32,234.5,1.26,236.3,1.27,596.8,0.68,515.6,0.55,60
2026-07-27T17:56:52+05:30,3,Normal,1.21,1.3,88.69,74403,50.02,236.5,1.84,234.0,1.86,236.0,1.84,588.4,1.49,533.2,0.77,60
2026-07-27T17:57:02+05:30,2,Normal,0.71,0.92,57.68,80992,50.03,238.9,1.33,235.4,1.27,237.5,1.29,600.4,0.67,506.0,0.56,60
2026-07-27T17:57:02+05:30,3,Normal,1.21,1.31,88.69,74403,50.02,237.4,1.85,234.5,1.86,236.6,1.85,585.8,1.49,537.1,0.75,60
2026-07-27T17:57:05+05:30,2,Normal,0.71,0.88,57.68,80992,50.03,240.1,1.25,236.7,1.21,238.6,1.21,603.4,0.65,512.5,0.56,60
2026-07-27T17:57:06+05:30,3,Normal,1.22,1.32,88.69,74403,50.02,238.5,1.86,236.0,1.85,238.0,1.84,577.4,1.51,546.1,0.74,60
2026-07-27T17:57:16+05:30,2,Normal,0.72,0.89,57.68,80992,50.03,241.2,1.26,238.1,1.21,240.0,1.23,599.9,0.66,519.2,0.54,60
2026-07-27T17:57:16+05:30,3,Normal,1.21,1.3,88.7,74403,50.04,239.7,1.81,237.5,1.8,239.6,1.81,586.8,1.48,535.6,0.77,60
2026-07-27T17:57:19+05:30,2,Normal,0.71,0.91,57.68,80992,50.05,241.1,1.3,237.9,1.24,239.8,1.26,602.1,0.66,516.4,0.55,60
2026-07-27T17:57:19+05:30,3,Normal,1.21,1.35,88.7,74403,50.04,239.9,1.88,237.4,1.87,239.4,1.88,580.6,1.49,539.3,0.76,60
2026-07-27T17:57:29+05:30,2,Normal,0.71,0.88,57.68,80992,50.04,241.6,1.25,238.6,1.21,240.3,1.21,599.4,0.65,517.3,0.55,60
2026-07-27T17:57:29+05:30,3,Normal,1.21,1.32,88.7,74403,50.03,239.9,1.84,237.9,1.83,239.8,1.83,586.0,1.5,538.6,0.76,60
2026-07-27T17:57:32+05:30,2,Normal,0.71,0.9,57.68,80992,50.03,242.0,1.28,239.2,1.23,240.8,1.24,599.2,0.65,523.4,0.54,60
2026-07-27T17:57:33+05:30,3,Normal,1.2,1.35,88.7,74403,50.03,240.3,1.89,238.3,1.87,240.2,1.87,582.1,1.52,538.0,0.77,60
2026-07-27T17:57:43+05:30,2,Normal,0.71,0.92,57.69,80992,50.02,242.2,1.3,239.4,1.25,241.1,1.25,590.2,0.66,514.0,0.55,60
2026-07-27T17:57:43+05:30,3,Normal,1.2,1.35,88.7,74403,50.03,240.7,1.88,238.5,1.87,240.2,1.86,581.7,1.48,542.2,0.74,60
2026-07-27T17:57:45+05:30,2,Normal,0.71,0.87,57.69,80992,50.02,242.5,1.24,239.2,1.19,240.9,1.2,587.9,0.67,511.6,0.55,60
2026-07-27T17:57:46+05:30,3,Normal,1.2,1.31,88.71,74403,50.02,240.7,1.81,238.9,1.83,240.6,1.8,592.3,1.46,546.7,0.74,60
2026-07-27T17:57:56+05:30,2,Normal,0.71,0.91,57.69,80992,50.02,242.4,1.3,239.5,1.24,241.1,1.25,587.1,0.66,517.4,0.54,60
2026-07-27T17:57:57+05:30,3,Normal,1.2,1.31,88.71,74403,50.02,240.9,1.82,239.0,1.81,240.8,1.83,585.0,1.45,555.1,0.75,60
2026-07-27T17:57:59+05:30,2,Normal,0.71,0.92,57.69,80992,50.03,242.2,1.3,239.4,1.24,241.0,1.26,590.0,0.65,518.8,0.54,60
2026-07-27T17:58:00+05:30,3,Normal,1.2,1.34,88.71,74403,50.03,241.1,1.87,238.9,1.85,240.7,1.87,580.3,1.48,549.0,0.76,60
2026-07-27T17:58:09+05:30,2,Normal,0.71,0.87,57.69,80992,50.02,243.4,1.23,240.6,1.18,242.1,1.18,591.1,0.65,516.5,0.54,60
2026-07-27T17:58:10+05:30,3,Normal,1.21,1.32,88.71,74403,50.02,241.8,1.82,240.0,1.83,241.7,1.81,582.1,1.49,563.0,0.75,60
2026-07-27T17:58:12+05:30,2,Normal,0.71,0.87,57.69,80992,50.02,243.7,1.23,240.5,1.18,242.0,1.18,589.4,0.65,514.9,0.54,60
2026-07-27T17:58:13+05:30,3,Normal,1.2,1.34,88.71,74403,50.02,241.4,1.87,239.6,1.85,241.3,1.86,577.2,1.5,555.0,0.77,60
2026-07-27T17:58:23+05:30,2,Normal,0.71,0.91,57.69,80992,50.02,243.6,1.29,240.8,1.24,242.3,1.23,580.3,0.67,505.8,0.55,60
2026-07-27T17:58:24+05:30,3,Normal,1.2,1.3,88.72,74403,50.01,242.1,1.8,240.3,1.79,241.9,1.8,581.2,1.47,562.1,0.74,60
2026-07-27T17:58:26+05:30,2,Normal,0.71,0.87,57.7,80992,50.01,238.1,1.25,234.2,1.22,237.2,1.22,580.4,0.68,503.5,0.55,60
2026-07-27T17:58:27+05:30,3,Normal,1.2,1.34,88.72,74403,50.01,236.5,1.91,233.6,1.88,236.7,1.89,586.7,1.45,557.9,0.75,60
2026-07-27T17:58:37+05:30,2,Normal,0.71,0.91,57.7,80992,50.01,242.2,1.29,239.2,1.24,240.9,1.25,574.2,0.68,514.1,0.54,60
2026-07-27T17:58:37+05:30,3,Normal,1.2,1.29,88.72,74403,50.01,241.0,1.79,238.6,1.78,240.4,1.8,578.1,1.49,551.1,0.75,60
2026-07-27T17:58:40+05:30,2,Normal,0.71,0.94,57.7,80992,50.01,243.4,1.32,240.3,1.26,242.0,1.29,576.5,0.67,518.0,0.53,60
2026-07-27T17:58:41+05:30,3,Normal,1.19,1.34,88.72,74403,50.01,242.0,1.86,239.5,1.85,241.4,1.85,581.7,1.46,549.8,0.76,60
2026-07-27T17:58:50+05:30,2,Normal,0.7,0.86,57.7,80992,50.02,243.0,1.22,240.2,1.17,241.8,1.18,571.9,0.67,526.1,0.53,60
2026-07-27T17:58:51+05:30,3,Normal,1.19,1.34,88.73,74403,50.02,241.2,1.87,239.5,1.84,241.1,1.84,576.0,1.48,544.0,0.78,60
2026-07-27T17:58:54+05:30,2,Normal,0.71,0.91,57.7,80992,50.03,243.3,1.28,240.6,1.23,242.1,1.25,568.7,0.67,529.0,0.53,60
2026-07-27T17:58:54+05:30,3,Normal,1.19,1.29,88.73,74403,50.03,241.9,1.8,239.8,1.79,241.3,1.78,582.1,1.45,551.8,0.78,60
